﻿<?xml version="1.0" encoding="utf-8" ?>
<Students>
  <Student>
    <Name>Alok</Name>
    <Department>ECE</Department>
  </Student>
  <Student>
    <Name>Nadeem</Name>
    <Department>IT</Department>
  </Student>
  <Student>
    <Name>Sooraj</Name>
    <Department>EEE</Department>
  </Student>
  <Student>
    <Name>Shiva</Name>
    <Department>CSE</Department>
  </Student>
  <Student>
    <Name>Nirmala</Name>
    <Department>CSE</Department>
  </Student>
  <Student>
    <Name>SaiKumar</Name>
    <Department>CSE</Department>
  </Student>
</Students>
